goal1,goal2,reward
81.41774722627116,445.0591873580637,14.910709080142553
247.92972918470423,507.2042755793007,15.888351559932204
678.361514735421,35.96675997667364,-8.121533981408453
464.02821116158646,921.4300846057573,20.10209064738634
948.9002906193746,248.8209469923055,13.014898630347496
861.7213124872544,925.560604244953,20.416797422948072
799.3241472339038,577.4281107181195,16.783619665360398
705.0460560769623,775.2318738294626,18.372744562853278
45.30294010067626,247.5463395092854,12.663718804005672
516.7570210690172,732.6102167335415,18.23408696916598
2.1267558016019317,415.51569057177306,14.739936004077329
127.02371068868901,468.89750919919214,15.094760744903837
20.613998518487996,465.453496058131,15.73238894623639
621.4066123492919,839.509807116125,19.397076984433326
632.842412486904,247.7435283128522,12.877464377645857
583.4521684947102,569.6823040022055,16.627770052660463
869.1463492418613,909.8225346372478,19.686491881999462
956.6655908090758,630.8520772951667,17.394722525103717
508.45823253182476,374.29564112972946,14.610698758327192
650.7772174291213,890.81613879818,19.72373757752895
293.8854532247266,891.1048779075538,19.31447695724745
303.3229738326767,348.1469317457356,14.645129909338358
440.02181853005294,583.56161306082,16.363736140952266
9.667289705993731,457.2695002547709,15.27485526686317
977.2290757046584,507.60247408131363,15.849769549641788
298.104425668153,757.3861147500178,18.228878522179265
37.66725628670742,740.7005450678752,18.246645232717697
85.70151796363822,285.2177575585267,13.49045706376258
127.81769793803733,869.996171132762,19.192549737428653
805.0340971717499,267.8497481795038,13.340695058549457
122.14317029075872,410.04922088285065,14.3395316812192
170.18086650591135,570.2351086787511,16.71948651943882
438.50170624348226,647.3957008224055,17.33480206821205
895.6762314423215,871.2320732922756,19.247366224469474
656.036694941774,946.2417442212397,20.270634415121307
540.9997028321507,379.8252569904743,14.915661890955672
646.6983523136879,830.9571758255984,18.525661961072355
90.00567513601877,277.811504402934,13.482933746834057
970.9875302401176,443.53302932413675,14.72912399065897
121.75921155932035,307.4305438635897,13.99709885935049
60.018090772759436,54.75947112735491,-6.560985035183248
597.609892465011,677.3996913242917,17.57411798549054
831.2312662632673,20.326268746476472,-10.353895818241327
340.7802592848875,331.36481976030086,14.233317222114387
548.5244804080824,68.49914508267408,-5.22945636867056
494.69932272597396,337.0288214753334,14.227770720246923
835.4663675561442,181.0558982381467,6.494690597746384
605.208325739602,806.4557679257949,19.252331693640983
861.0584494904508,550.0241221295864,16.116418535088513
928.0381966274427,32.033394062783046,-8.61403618940216
778.3480164509978,318.6715889159453,13.817824409996668
326.7508694922713,938.4931675378649,19.613830359784107
971.0986266789906,205.14815622451576,8.716239170986924
147.26908286155637,124.67859300701944,0.019513709133773816
295.04967328322687,845.2112309724313,19.50037023030421
591.971784156412,894.1575213736484,19.735760415978426
252.49361441276585,179.75131942882604,6.2360466762973665
453.32508170862104,576.5874908955461,16.020115833055968
58.42567169110369,873.3922838153076,19.528638884255184
247.4666607595909,834.3654969014442,19.06810043172482
911.5010041899039,650.659610544341,17.377515890706007
899.1080381065685,428.64792735440426,14.805810784426953
38.62999951595958,883.4688620591379,19.38284845396804
231.37895843724056,108.3854488047381,-1.0320912954644328
26.958984132665954,403.56291521017494,14.619170617491118
139.91011213965953,378.8700452310626,14.557658901142041
509.4672869529093,814.9587337872952,18.76741920988159
215.90843015693807,457.31570778145925,14.802093945376537
410.1266232589844,262.05284417722174,13.474342272852113
677.665485945978,467.69224460782743,15.486834132793337
658.870866545125,487.5394499587645,15.159843579142322
624.3648525930319,484.4342165407056,15.62042241777495
858.5048510180128,853.2059041929809,19.202543175594833
213.28305993476692,360.94681594115366,14.710347856095751
16.07566556305262,450.9603281244242,15.534997694622923
47.939522650569224,224.0628090210889,10.767055617935096
579.0453460391578,870.4815011691097,19.470969885732643
516.4827287162899,652.8128774228427,16.862262091667986
419.02805573592127,710.6785981402867,17.825455657313675
507.31326906840854,754.8528600405454,17.766880121165322
33.58969262474598,691.183361892795,17.236210876962133
397.299796503223,596.5367915315073,16.623441650373262
330.49136014085235,570.6387013489003,16.59142064945553
726.1957716944725,57.46907172411775,-6.4701783708551375
933.2690340479843,273.48966748388284,13.028944289030782
791.4144989875234,64.37528141267224,-5.84292215988295
347.9906395871555,610.6991424156735,16.520841779857964
292.81998488282323,21.894809070233336,-9.453169253165443
846.3251445618314,973.9617919490017,20.787266750288346
367.7225790183487,354.7849367434483,14.546477557193388
362.941054836437,275.6996757572723,13.398713761460652
781.6812941474673,861.1092308515407,19.78877264716535
103.54131801878441,871.7819880165202,19.274884565293437
743.1540508948452,676.8940512553411,17.34205440360673
336.9018106491718,496.2698438900109,16.018702584965027
100.29660864450184,417.3281384717875,14.55221230543701
414.91730339209676,307.54770148047214,14.161384967071385
324.27052730474503,111.61018200138616,-1.1393322189783817
682.9739082824556,883.5855791444802,19.29109838691265
999.7870132111169,495.82998394578635,15.809073741565534
749.1591050442219,880.24232878394,19.459065891471898
513.7652724735625,86.80218862284438,-2.829115314967897
521.5465235945214,576.4443346827134,16.955744634048827
2.0125063801503806,787.7564724994471,18.735896684635442
216.29822372088782,74.7165474603373,-4.382054118485958
876.6837265919963,795.3580434785515,18.52561417057047
261.43526372384997,706.1644174556765,17.935684606979372
140.70575377195993,739.0846660240101,18.04851864903586
405.78220328899005,875.7497899040123,19.918467139380795
823.1315149627171,554.0550335002796,16.3725632581142
991.6378677113235,430.0688685930883,14.83648267617691
994.6079683642314,608.2942971918662,16.630399070472766
634.3515849364134,665.738858705316,17.575256930539418
747.0021588871847,244.83024530737617,12.451401175976393
221.37222100813136,506.48769356493204,15.566920127999648
901.9138682914421,279.4581045749306,13.769634677886465
754.6897812836573,93.8035076624133,-2.291940640566933
187.4331884053515,435.17657527141097,15.022266895722954
443.22178218062027,373.86396452713956,14.307059383339379
612.272116097246,880.9921996102277,19.56944846509067
953.5963487298988,419.04483528537617,15.168442843797042
90.51358561284717,363.74891555933806,14.462941815318388
148.32325084449417,612.3233893964915,16.943363388005295
524.0819166100431,437.5020362241082,14.95527498309086
701.2918949799272,284.9957863474494,14.037536160594158
841.3594111269387,101.40100683582021,-2.1623565307330654
570.7324516619822,634.9431681583045,17.461639073791183
798.8968000014174,934.6165088649223,20.498516058107604
186.99753308064393,832.3560350066045,18.885640287420806
345.9234458872885,939.7837982531098,20.55160590332973
270.14810435284454,541.6526213746049,16.318797841319963
113.99941745597731,467.4538116891461,14.993026261451675
133.68762474726893,625.2233826909884,17.01012223582586
382.0503429037193,827.7680330838299,18.50111789605492
646.6791844296092,578.1730951136815,16.722944803988256
179.4431543843431,643.6905626461624,17.581775353039585
373.79242945235444,405.6073132708553,14.345797038935505
6.984889027882191,207.25516178201775,8.405640575114617
510.98008565409225,992.102843167849,20.269086535136402
488.51315642475777,853.1794438315881,19.09594058406374
323.9997900398038,857.3392363241412,19.38148956963049
899.504437827104,637.7630663122724,17.28019068939617
70.98101318356586,750.135579231535,18.13839401205597
63.45045743904443,590.0859339009488,16.341718232273877
334.6635009559297,63.97390457153029,-5.145151343685569
94.01653961778788,484.74536487210685,15.178532758383994
877.6940284914665,180.3420777812005,6.47207475169688
294.4169507887764,993.0232089998218,20.165779512837247
846.7198782999516,6.098471448999221,-11.477256290364497
144.64062199896233,796.1094432221025,18.185355702399306
446.07569459615235,695.0835390788278,17.36570218857346
570.5191007890315,653.1999471536147,17.221659996265373
205.2137237981061,520.0582892805071,16.200666166453978
428.6161020424225,104.69739083880769,-1.8704302433452398
473.65211388085726,218.82899615882013,10.3571579187122
881.960828315509,923.1593518831097,19.452436606418487
173.85400274385043,520.2227517259547,15.673484472991273
257.51854619787173,107.72514364358588,-1.4674893175507062
589.9800520628471,370.5784709991675,14.573797021539079
253.6282630262786,372.0820629202051,14.280835480832359
738.7206908989054,752.1657977199478,18.512263343100013
247.47973796671118,785.845025899666,18.06700989878965
396.18858930370226,513.5435517088749,15.72217386806738
452.9051247259646,460.2012987017552,14.804708157998874
914.4190098948674,166.41550205850376,4.8975021378510775
126.99197212924862,623.8964958581017,16.80329003981105
616.1309218529274,689.0110962530741,17.174413747625398
38.907451556964176,912.6624627957507,19.523877242741985
284.0349060441103,348.8307914176395,14.314540298862369
516.6225602647404,839.0495473249721,19.458789955198753
948.2261100213556,6.653266945902403,-11.351689596094623
880.1631167435734,12.005845669640248,-10.440580620377588
340.34499700535434,863.127835578524,18.89558064903864
571.2481369765717,40.58966544030185,-7.854572550936215
124.33810980814941,479.2517519884476,15.619617293419566
145.4696218259285,877.1733318172293,19.415291219893582
681.7281562475666,698.8395440899571,17.18881832569703
588.6268471233108,327.3610613829202,13.970035618057452
153.3661472493202,245.9695440489481,12.27685351049261
83.02206779355281,456.8272141318306,14.793452824113693
973.6933623131541,254.2167238152834,13.545207567452934
190.92184081243335,452.52503129228506,15.37350821500678
367.1350964525597,482.0322785214639,15.399327275528329
137.68000385370783,545.566692684658,15.82128424521003
959.5302550900556,756.4850905250686,18.484249372013235
719.2476328113697,466.07370379737034,14.857165430854518
11.041171798534144,414.53791368944934,14.524558654956781
460.7334081156602,674.5602952363904,17.268197442443334
937.6433307024947,991.1824004412654,20.597325340968453
492.7837135850668,854.821052397718,19.33906212661985
979.2819055133969,326.0413786298698,13.48664103876192
625.9546433610623,238.918724610226,11.436299638097367
910.7646823294335,49.92748042545514,-6.985762940268726
379.17277039361244,816.4123255660397,19.232721951933108
779.3244480788783,705.7262521021825,17.28319196104159
804.7546209668495,787.632749883438,18.931657412426592
956.1324656497728,871.8044284069208,18.92959628416836
255.6410255607343,356.14234494203936,14.408227454367506
85.01340477291508,268.91718503748353,13.128500494341406
267.4960053664269,836.1204815862814,18.757240375867504
719.1481033205974,636.0951006922509,16.920229555620836
258.2952228215554,224.1954322758074,10.090957002999563
77.43189841911358,107.06073340370747,-1.3880261163952596
952.3865827793002,355.0975229228216,14.419641989482045
769.9551477123958,424.07742503512713,14.682622433605058
355.4175380561807,403.44048800211505,15.179028333507219
723.9415668250531,453.0700381029229,15.260571629839081
388.6146468995022,741.3952083070375,18.606990615995695
111.53661835535023,644.113345363912,16.783795462365916
404.226408911451,692.2422643628172,17.838273184331786
443.01954600919515,600.6309664798472,17.111759449054674
115.16632472183119,277.05733748612414,12.986909716255326
7.377758006500534,119.498574543216,0.16661507340129056
781.5348037979699,447.526235199722,15.3474174745485
921.5124987602094,976.7007440537099,20.582632838426704
789.9715784865108,996.978134208298,20.22042218652164
645.4890770466515,454.2944928232274,15.348098692977167
490.5969792751699,801.7069282647707,18.809971111117274
524.2290152204855,724.9391840090867,17.760185743370204
60.16394590730678,587.3184292202399,16.28439212772571
377.1068420156395,584.7234985804993,16.515284551307406
658.0387807315371,67.91529548225638,-4.786033806428802
528.4150346354998,229.32028256771298,11.404335892062463
283.5865162288831,947.6647715192984,19.885933174004435
287.0138579304011,211.80321683738913,9.32212900477878
482.955296879548,223.89991819620724,10.826755471970923
971.3019591760897,394.755186128236,14.922139584817728
644.7645431864196,452.33031373683417,15.072681826345118
106.91583643593272,547.1649147749504,16.51145514473361
446.62690603468127,706.2215251102217,18.14825263567399
889.7866078863459,199.87158627062308,7.9833277532874405
645.4095129754572,88.16365939425386,-3.001565652571605
55.012769979032704,642.6820906305907,17.536468036565964
751.1059656475139,500.36302352868523,15.944936539676863
342.2256276428524,924.1743138553167,19.94354210363306
83.2731851181212,678.7644814670409,17.64151764717507
726.5485526730675,434.11437105417394,14.981691840271381
818.056826663093,453.47564222180404,15.377581600135585
915.1803916764991,991.1755482230734,21.031973402762233
64.20771612063703,509.97023065053713,16.00469934826147
181.35856352479018,433.3216084028647,15.369872942860631
247.68186737415698,134.05425298746854,1.7960726692427755
497.45548874066304,992.4605362619402,20.163790411392725
552.4171229051606,303.95834908100926,14.226225557910723
76.84502315492514,554.8739318762988,15.97138438522763
930.9165725096802,770.1798334137144,18.60977868372232
202.19359918468172,184.87527762093626,6.799752791154468
652.4736022133288,368.66387857696526,14.629455411586544
884.1153827638782,981.0441425442863,20.994544606552004
133.3152447593048,765.452662669903,18.393207383982045
539.5450339784675,304.6281932452285,14.130496638114693
49.3391414326726,59.428058889262616,-5.7554711758157
928.9752542546546,6.071657287237464,-10.982988933045785
341.45585882403805,722.1732978367443,17.880458192712776
830.3489981322252,485.42982450884296,15.959597133341589
965.4565641549058,222.87263981107986,10.426091572254187
902.4681522494833,9.458090762464511,-11.543175740998471
326.90289219594746,443.8512776235996,14.757683729400693
346.055960768284,229.6588013248706,11.003052261370787
134.54841756031078,939.2512967408902,20.22856599768336
721.2570739074276,512.5434288392221,15.717439244989453
190.03660736000006,249.6757200891113,12.605719186083785
837.0004345563269,989.375643531262,20.35128506234294
913.7724107164565,561.3260558767895,16.06580377394715
291.5649555956127,859.3186398507415,19.43718130064967
401.22571189639365,931.1772222380212,19.853011819876272
255.68749271418778,674.0509874470591,17.117158691367
947.1116312866371,273.0637052931544,13.774146011872112
701.3496991490935,119.74997051927939,-0.24353492299729318
522.3782675553994,928.4285179265751,20.12803269435865
867.4076491903572,745.697924136956,18.04483225375335
327.56787555760746,307.2881656083367,13.915306333610992
902.1521208995346,321.4150870369632,14.20310085569459
272.4895797554521,264.4763809769194,13.342975782332555
795.1006976139515,365.94429435161925,13.88224926352078
586.653931310921,230.17323947394007,10.804385058361785
302.77738054652514,992.5395047868141,20.29881058042966
412.38441405122575,862.071466688056,19.403025943236386
638.8206010932051,727.6113723214819,17.73873750572666
617.0455792203454,535.2947946783639,16.106588510580025
276.8898725062376,606.114898089039,16.569359531495245
618.846112330298,844.6950513899371,18.96244267347542
295.30333780492356,301.18124905233435,13.76463759548016
654.1285482532109,452.3197773390285,14.987837290325238
401.1085868162557,523.4368864486015,15.98692014311743
325.5863788686254,953.1856684411664,20.23457671846687
954.9632595896346,391.84934176545704,15.008091731742958
241.6901775052843,153.4065606715489,3.379446474307203
989.6816522161821,883.1133695028002,19.35209841426503
234.49877142992094,330.54407263674733,14.09252655161104
576.3215308163769,412.74082244303725,14.871511072250872
301.43134609181664,89.51745106669806,-3.2541247820092405
364.98964672838287,507.5597683703289,15.92256431982242
343.05751344573076,213.38627334085592,9.017937638972857
980.5347889001656,820.8448802386458,19.32032939201484
947.8326012435765,60.22633802796062,-5.5523267648014025
720.8724923991001,236.16625311185425,11.605275968629329
751.4925950479388,507.3179189736706,15.455766986227353
691.3522479743252,703.1800161285179,17.91272373260786
952.6957369771467,245.39735496333392,12.421604137016768
595.3774427776697,596.6948046368327,16.274852044014864
389.2532981897108,715.2736660610668,18.021116274882438
539.7475529279063,0.15000329171055427,-11.517786090302094
37.6076203942941,646.4427963399218,16.811543278674186
589.8590761815506,709.1821223726239,17.819410073049927
579.4849772867403,489.35085517633223,15.981218356618388
698.2639132404631,677.2715124463505,17.612776293019696
463.257143045247,352.59184214865513,14.042468532187893
3.600387843748609,665.9713109209101,17.23369015449967
968.1793542737906,516.8718964559384,15.75777289263867
396.17799801436746,546.3286663413683,16.295731908774087
434.4736393648209,248.98640039650644,13.133498771482124
992.4681701165438,203.31704905023096,8.094809647270125
207.6891694366454,830.4915384879772,19.443669782178787
530.5779757808103,926.5475327436897,20.286096716138374
999.4361434921015,83.51522962493507,-3.621253472544762
861.6716992196564,980.4328659619391,20.817163308449167
872.9361305316855,242.36752609552025,12.560861412932631
603.4273552377019,22.222094105108003,-10.017104587849097
276.0896441960696,748.9594721507799,17.99009589755051
185.80862584090207,367.2898399717992,14.327041463972535
73.75698808598518,525.3068425803293,15.585442742947276
764.051176098019,915.4879293638181,20.224817284417078
33.68173717455447,891.3404275061292,19.464578617609035
296.2600804345905,485.73653865986586,15.297153716517219
280.3564996951451,424.9833092453512,14.959639565625018
327.0182017948918,762.7410667056034,17.957299930796015
823.0335794306302,556.7511404343825,16.56881339020373
547.7951670893766,319.30855624834595,13.406064433093235
953.5717878582066,932.1596992562569,20.43835858408241
613.6430583796132,111.8932085091513,-1.253747587216541
989.7815264176336,96.38530102616183,-2.4094739397478513
389.91372177000704,758.2302432789237,18.15851998394445
897.7976113720081,28.733486737766878,-8.97772867804541
472.2605176870209,1.52205354483681,-12.194034066717677
781.2308452908364,556.8545672440456,16.205904666237245
499.8990441564508,454.1410022548319,15.023239349078395
228.23072865433392,425.0618150839196,15.125486756768346
394.5858666880415,161.6326363826778,4.008348073021477
428.02606006433575,135.3321105129154,1.5861003531623084
498.90449132966216,582.2065839018288,16.30413376495806
20.59190943012945,734.8417869928262,18.542101201575793
887.9824922456098,990.6109232942755,20.131370575683498
530.8996644763585,245.66726964813202,12.214880923876251
818.6539797327915,888.6797496124005,19.82840772442146
808.7739446766477,806.3963272784147,18.97732180165113
10.216619612952949,512.3911444077831,15.407997686401806
102.39012596427655,133.4770923173474,1.5354404469559508
818.0046258206867,957.9044195030567,19.928703131626758
942.7899547038085,93.77693381245255,-2.806852627846217
196.9803208777744,158.99090486277035,3.9886076374927413
41.13955598108077,607.0986607513518,16.35605724871257
595.0140781489632,139.215289642047,2.184856389805695
29.198781390827545,186.72056958199522,6.5738936545414575
528.766867179874,66.30722298468083,-5.686180115266925
411.3232864600196,762.8713790325471,18.72633469967976
234.7495049907371,521.5187988377127,15.76161756205003
946.9285899057195,591.975082264423,17.08506977193641
504.45228615030027,744.1291314420808,18.29855948342222
474.0448491678013,893.6401207170618,19.163063119715815
889.7601064843587,603.5342452536606,17.152722545948592
819.3035382924314,232.56187006780337,11.197517169224106
988.9901685136688,987.7228776133393,20.88462138881369
146.02727112313875,847.8919000046831,19.416410123227593
976.2013582635823,663.4483747116453,17.825289225751806
359.27282923446836,529.4540334130783,15.57266692066187
100.50268040839794,16.333234727842317,-10.474566400489769
624.3736268263524,77.43649402205376,-3.9501402459432793
612.5888771644937,47.56948827467789,-6.753628894431108
65.35992839771309,337.55375671571664,13.78199946781739
360.62456033517867,969.8054475932599,20.49981707320982
213.00931243048382,345.29640575118856,14.288147222390709
19.54836247119751,914.9375654288408,19.86849354665647
306.6189679762759,957.8738950199872,20.533062438135225
61.483744907997576,781.4012274006619,18.776336899147264
236.54515576350775,580.5895595863408,16.456568016416117
892.2782930005106,50.61105482540451,-7.396679818638615
936.2136227705686,344.3224702273643,14.179699895604305
339.36182609014463,419.23249385066606,14.412867224046668
308.9935244235451,677.5147703818046,17.796706297750738
968.0931321923982,29.40131090261444,-9.030415071973918
892.9148776901868,434.71903636962895,14.829016572189751
22.089914576337797,846.7691729427237,19.312855858066065
763.2991725659576,399.3413559536335,15.004720449982646
640.9102174738686,888.2894572525056,19.227474271568866
576.0541406545648,577.4766393521976,16.66585941387603
231.6627975744434,838.9729097262663,19.17618931605465
741.9945441608438,306.23729699036693,13.630551438694628
887.0398087764742,117.64920970451975,-0.41748108950827145
85.54202157025614,922.6676273661785,19.93128961783964
147.235595887395,787.4164718455135,18.479132026266157
367.47890585444355,953.2805417627383,20.042030523734667
523.1434112605999,668.6363197162248,17.80087607151305
746.2914841764459,610.7705158487543,16.68864546921919
509.1872566098836,31.56478477960234,-8.501509854982968
856.3261719283752,748.1568653470272,18.29775039613014
791.3477478325108,701.5409082280582,17.639262979228093
211.9867839090196,991.56968387438,20.493288537297843
525.19751363284,423.9343295841561,15.181116179859618
104.3467797869404,19.931222324576115,-10.250683481988272
56.112268638808025,975.041767361917,20.744284194048298
381.9306731310308,575.8662051913443,16.545580749703543
588.7208368888327,63.46201008652841,-5.417876522211387
579.0995551709176,697.3744860589968,17.397551146106284
830.9030881981719,863.5364651445665,19.216299616376748
76.14088400357576,73.71459978857953,-4.501779345098175
410.82232911496186,138.5129458926656,2.2028437750785628
997.6628799764899,128.52791755664427,1.1496415351029654
56.6305124932932,653.5512880834993,17.618604915689865
419.0007717879766,612.6532916765701,17.102913636539924
478.0626422774108,437.88016652690607,15.477452799704011
514.7552265325807,831.1205300702394,18.813802709614592
59.269185175409575,610.8071907513835,16.948027077039704
230.88282263714177,580.5465481131583,16.040419893700705
386.47830108386825,219.5111531297398,9.606651958281358
190.35104136387858,66.91487848668632,-5.125682561330155
852.8294733493766,615.6237007693192,17.312003043340454
980.0747685197556,933.8432047097813,19.90242266946462
13.95135630314348,996.4331921064905,20.906245434519654
227.7869731746659,714.7200251227748,18.118018645895688
386.34660520036357,366.89709146510296,14.237299199022171
434.1284116859734,343.0750731176668,14.116392281496918
733.0281987942534,378.49549014270644,14.639329094489824
931.8615887396925,646.388911119917,17.512397660403266
610.3716853324439,385.7269666813171,14.44564232941412
748.1720241937785,826.5011873042662,18.89448659974108
704.2186670778303,2.2611748065368698,-12.257344439164388
665.7395117606217,521.2626041138864,15.519896722700356
722.0612889259995,840.1966723371811,19.361404120200834
142.05075644697408,15.465266715670168,-10.211699761537481
297.7772465092213,839.4091049732199,19.331329543447172
366.05648993217756,514.5733070704282,16.004695448304027
37.46660537458379,174.69236869413595,5.693957118491525
664.389067191954,284.76501265391494,13.80725871980863
906.7652944390394,464.47183557112413,15.697522280400598
516.6206926838354,492.96633713821933,15.74718435557988
891.7502708464268,731.838054935929,18.281056726088696
914.8968594662914,50.76313200620341,-6.52061531129928
815.2910771789268,624.3742150376088,16.882586685685844
929.6197148645089,267.6755091994312,13.613427808866447
34.535599677589566,314.8105884290584,13.96550772234135
76.826744267947,901.8649464242357,19.794967482263235
668.9708996618099,315.8262059774457,13.422458402944116
261.40073134991337,17.899231979387807,-10.16234928475589
866.9968800202093,823.8227196261093,18.46986716279756
468.7709307220101,228.9018406747816,10.77730546176177
618.407565852982,109.30729498032066,-1.2965035113580203
316.0648797650455,187.7925215013254,7.212089099051735
586.1929988536813,14.415683203024665,-10.818572848964596
210.56506172756806,921.8055011023641,19.597242834332143
526.3088497147727,239.59012602145802,12.37662844202233
50.67807840456573,675.5641138175628,17.76513857200853
304.85772000062883,792.0735082352326,18.684789991945895
775.3457563236689,233.74648886413263,11.636545725365565
726.3886282082159,23.518773284803117,-9.837090489490755
381.84400685801234,893.3431933204937,19.809478401121396
479.41805414770613,131.55244330854765,1.3022760165712022
703.2197920228892,168.79443044488607,5.123520576972005
259.70234400188906,95.76142349526428,-1.992610773054027
906.9903330343083,652.6534963946475,16.90576987195975
216.4315498970858,691.6972865037891,17.574002007600694
830.7844418313954,774.6711628195189,18.444334880397076
119.0364896936369,452.45600677554074,15.377774460175004
111.08546508938599,636.6129945958005,17.022293821189873
662.3903748268908,943.5782873993872,19.713156572186495
3.3865777823212095,717.0796452321986,17.46725042526691
776.1609100433592,715.5148816668801,17.788904709747328
924.1607135618701,362.5986410204065,14.303062082265825
932.8455528866914,193.7426605784045,7.3934092032714425
315.0231287072145,241.01600925358656,12.133092813728624
640.7219913749077,834.5414287148121,18.789840381166528
55.567897674935416,266.97548997138875,13.389805915490275
79.60045027697483,20.903245754178013,-9.657024271390757
792.8208901010692,315.28956381699777,14.078001399894667
988.9044553099068,643.3039534722839,17.280554466211154
31.62166592622617,616.0462066671425,16.738574866558796
122.74986678196586,568.7807909257955,16.182179162273684
606.4575856002111,937.7660750921151,20.101600424457892
806.2914078604504,142.6797291500471,2.3759184440400585
612.4158592566672,856.8541265920045,19.26263070596522
554.5309202622639,261.3953277148958,13.030642565737384
612.4787327164163,414.76928844771686,14.928789016195363
558.1648342496607,419.2838812064654,15.088539994037781
107.80362076709172,974.9907548276653,20.080042866172455
436.6447611102563,176.73917662562866,6.142484250105404
719.2598019053727,268.75976662949887,12.886764846158652
671.4455259954507,20.443095937424328,-10.081284745924819
402.53999790202465,933.1545239116037,20.015095248029745
797.6214546769737,65.40893202938547,-5.315972997647617
541.7929703256577,204.96635938767525,8.733561501172098
683.739708251527,577.4314630528031,16.378908927382888
551.2440155884314,551.4896583632959,16.294211824899218
685.8999915662582,553.234451000642,16.365805178601367
72.17800684756625,908.2528333830282,19.523935910946385
129.64318978867607,524.9817799666955,15.451097450217063
310.13455553881295,802.8584525561489,18.730879927094463
992.1887031052863,436.22982012801657,15.338920922058328
467.0269728123776,274.69531660147237,13.583946640718711
451.58914577803813,341.4930423495314,13.695141545606056
817.0354473689425,69.00078744508198,-5.164512965683572
772.8979149480464,78.009681710284,-3.895477239716376
931.2562564454042,389.76586520863555,14.98795755914064
257.4929275728518,943.604366115744,19.799619831004936
175.49505912476516,172.7461240655015,5.495744941850955
904.0366749049471,790.2060925305193,18.129419183240383
528.4837790950403,749.8897263999796,18.127331394534046
499.36085057417756,958.380248005994,20.084440613442588
93.46833973258583,244.94539773365142,12.346981127395992
236.78322316165878,9.321263529881163,-11.418255375532294
810.5645849401456,636.7242190057874,17.140558580388642
268.42495576989035,339.86962044458147,14.593485039094446
634.9170050676826,268.21007951796173,13.550700561760316
747.3145246404894,971.5645759295725,20.1551238070535
861.1432364522933,185.03411506732047,6.13480792492712
683.8463996386134,427.45397809534524,15.199967041502259
116.20155145114896,598.6800056166742,16.567992889821117
247.95574853258384,912.3334619217758,19.41041656374246
817.6546437990096,419.8711226876428,15.24602988536678
812.9532066441498,703.7011918614419,18.013232122687704
87.1232428365738,638.6641115485016,16.949826938510974
373.9226357219033,198.33258446960755,7.418820171667825
973.7155905328582,610.1049769555424,16.684453304367242
509.8347939638338,137.55469826277022,1.5213381153510692
981.2145180372243,783.2880420672429,18.201588345174144
929.3065092790027,13.288579502706899,-10.185614487273995
963.3004082932874,620.5854942638629,17.00920972318872
255.80082289640603,40.50862239140951,-8.009622409141887
886.960036813118,45.39209785081544,-7.713662086589775
352.68798552686286,550.2106806503024,16.45389059979506
19.648803020498317,993.4683130298168,21.091659390800075
500.845637247196,249.0259998198555,12.559662565236152
574.7370754648759,235.59684784452506,11.503535568186365
736.0898659626586,285.26545744286113,13.323690437817316
674.3330548751759,133.85502526620152,1.8545256232963965
756.0790375398507,289.1438154997631,13.947288697265215
528.8602062478998,635.0714049432189,17.48274351780134
135.72231081649633,826.6601613151591,18.5836942717954
751.1920422059857,229.91140137724398,11.08465876814417
555.142179909135,116.19642224108328,-0.8286944341039799
18.55959660858808,500.6035122623166,16.078714535317523
488.89164386439876,580.188748329201,16.8372673854185
375.51733245393694,795.1471869850633,18.849639598525354
41.9919914012481,28.98841924503115,-9.124092510850446
811.5551503742788,767.7930347900375,17.887457941343616
935.7820879253875,710.0567881998885,17.648593795270024
111.47004120084326,889.8321488349388,19.38419671306226
141.01943641283944,80.21272467515472,-3.747885199835949
755.4030736758268,279.5208901016677,13.856129664457477
969.8028956078313,349.54705617092065,14.176626719636712
788.267111213836,290.2494766114277,13.558942928846289
534.7557644749646,144.68670662687543,2.786319168162292
277.8400496639829,650.4453469377947,17.226934361087547
229.98170288126974,177.75245505479586,5.411382816081414
273.2003519489122,856.6472490072173,19.42488856145517
422.6388463241744,614.1828374217931,16.85624499610381
798.6075599009957,441.776805151754,15.330118837781466
827.6038556989645,892.4543432286582,20.023961809755512
879.8641560107241,828.0015872717868,18.50975231356325
878.7754538397423,311.90047622265513,13.878395551168822
580.6319375457872,201.40881288722812,7.898918344095424
172.42032598466784,924.8910956968026,20.325515859734132
289.23874256792817,551.7807262368133,16.291509109846796
196.77212706668047,865.1946389901138,19.711502107590785
35.42987138769782,429.1320803150216,15.36443832165532
127.482972215611,709.5069137928679,17.76305054507605
560.2504652142693,658.7276562425101,17.54695990818161
758.9544951547158,962.07600323916,20.55091384913255
917.7244081439799,662.208770926868,17.068828340250338
951.6655776165977,471.6780676035628,15.38889515425992
2.930797934182827,365.50866724627394,14.414942597757708
357.1441222785081,324.52763835523524,14.398985857189082
585.7976475055563,494.47257215727933,15.887973746896144
939.3495635309918,630.2681861919726,16.902386784362967
341.8628654979704,51.199920440241684,-6.721643214564606
670.8364043353226,425.50287820020503,15.17200785647887
686.0742427749415,187.4835237145579,7.212181255289952
464.2284933956763,770.9738494102456,18.331312054753035
967.8339494875788,611.1413571374568,16.71970932396971
618.2970708752644,566.9053995356586,16.83251148897078
450.99820772865496,913.9497628922655,20.138080011086288
260.30210797931164,442.9371840806282,15.430113463718563
876.3948839201956,562.247583974722,16.65878409038375
834.4988867130132,240.0640028643477,12.110559098114447
731.3249636180572,339.808926711559,13.916359034917118
630.371646750093,437.264339101736,15.130503783746356
437.1982925335113,207.67285248658052,8.451067702320973
24.78496908143224,646.5786451733667,16.794482896177964
999.8671458339187,406.21348333431405,14.259923705117856
23.76008939864116,750.9755340066606,17.980038585578967
695.8400693527086,669.2085724752873,17.521397314899932
643.1751752304476,960.3064343478271,20.212987150122572
462.205541709224,832.0274399114679,19.43613476643095
639.2219110036569,577.5942428425891,16.640509157001162
437.59919473747146,52.64891922894754,-6.459895554402223
81.55623497917097,456.2719544698399,14.845787600193646
166.4820722372945,556.5932269933534,16.244824996089193
172.2271952002381,577.249443765315,16.656694274001726
10.713929926682852,380.50667880708886,14.503089822292548
867.2282332299661,633.9855328787592,17.14648808224291
862.8958609179703,946.8872386024827,20.22698934087424
123.51982168028086,209.348131956127,9.165059626975609
139.63597746093603,698.3530450491551,17.270828247580617
279.37954184553035,709.5492963547774,17.78694474863506
723.6772016020484,667.9801871308588,17.32447971056403
342.08246546887676,694.8538764258082,17.48050977383653
934.9860702262409,996.3287481924805,20.21285458878809
737.3847600638072,841.822486860373,19.334894289404293
920.0386198137704,100.06508115200819,-1.9002295932672464
952.9753954574127,247.0822227762338,12.277920417219697
725.1756544612758,937.3975129230937,20.080401537868738
801.6210995211269,691.2662734603365,17.647762292383195
310.9240608208563,296.404040165813,14.053224165249716
896.9811130003415,508.6883892594559,15.984497482708875
330.4146118285722,205.54544106062556,8.501123510001776
920.0893859534707,638.5328244208403,17.266452566653697
194.1208006325099,535.048362036363,16.038942380651225
933.5162636117564,772.9458903627349,18.786215813486773
491.9060479284132,998.081049204253,20.827470173569793
451.34598737282715,478.5424643206303,15.057370528894438
240.21516150372835,926.2247119771843,19.987905648467404
459.6789447802532,98.6515896259782,-1.6371935558058475
769.1381674638985,815.2975409204136,18.79111484019862
591.4666285104092,644.2081402656413,16.80946927800005
249.69635018477388,200.41466678461106,7.800498291749239
352.07889942127093,605.6575799732741,16.47767975797785
539.3111479005829,648.6801564786991,16.8554000878138
187.05440547687036,122.23121105675683,0.34206869072123425
723.5531595725109,811.8358392343489,18.362234383890183
717.8857072433757,573.9125936229855,16.894507426412694
492.9317274796389,582.5370165937093,16.758236250292658
598.3721810394261,646.2498265998865,16.797276174828013
952.0097504710926,229.92064557443527,10.493064717162117
886.9017949843048,265.77536451232606,13.136571139956303
729.1125567392645,741.9609807212021,18.12757691979546
600.8165463998923,560.1493688732261,16.386768239399935
591.9527843575656,237.73211551921247,11.443320525775952
430.61177894427107,551.6746646357726,15.743689154109582
512.3582202574105,409.80905787804124,14.905214127590948
893.0876812268313,844.9412217997989,19.324125712131533
561.8781645397798,586.7969722169366,16.522880335050612
498.38435770085454,683.766493192505,17.695621678667038
689.383140254623,101.6686445725551,-1.4404870504137826
720.6003029073526,655.755819119873,17.06121397047916
38.44656478312003,400.4643911339364,14.25682695248019
913.7732078783922,852.6485893448881,19.463724515029796
547.3626309567248,799.9825642135645,18.866290865363425
551.9518231883544,93.98401765279951,-2.9581746080543407
30.454625777070365,971.7777115409699,20.094182084187096
651.3947315893697,534.8996707460797,15.977236488938427
751.670204139244,141.33495457418476,2.5544271787342936
848.7921635198354,507.2564989469389,15.944849678337846
945.0769048614735,757.0839567381674,17.847728910319926
306.5415737295749,745.114543595599,18.132670446684727
137.1959552051456,695.5348935060335,17.964393546956202
906.3242986321172,372.4245519989802,14.799036338645159
282.6139983448598,356.22603887875636,14.143482266446977
836.6933688009325,370.69858432180934,14.736711963229872
987.209281148256,120.18409694545184,-0.15813299836919725
455.17678723269006,481.0112545823875,15.825722071337818
216.71095585583566,803.2572280225147,18.703836919657917
958.7630058777942,294.6299700277648,13.817036686833315
339.5779589317983,146.64684147059214,2.2862018497624614
366.23914255696974,777.6200383702555,18.577733378686105
217.06242260428667,823.1796980877044,18.85493770433242
70.63387251529751,368.45640125838383,14.559046615930114
52.903898688976824,943.7904230787411,19.844384439275327
310.62450492005246,954.6823384088758,19.94018343626422
276.2513821484115,437.03052910330996,15.394646442158553
496.0171193252962,307.2782778457234,13.63385761995601
569.6917124492286,566.6732011797938,16.419690769817166
661.093527690042,778.8852134876763,18.13032823310062
276.8652478237177,513.7133773573695,16.055667101966574
64.64236218665597,474.93426008009345,15.20327379210531
174.40907395459203,983.3123247633603,20.292562770608896
470.5330429807485,560.4842248704497,15.921719201268758
404.7228158149374,265.79184510735297,13.253161057598234
681.83217587104,807.4779483400548,18.33250553361702
577.2386896659899,796.2865524529705,18.87553984494373
873.9424520409905,81.50985900400232,-4.078838982068961
764.4591956963908,989.2522619716178,20.929723720448692
71.85481462405386,257.66896884879486,13.338694917373306
846.8952508578013,684.5618575252744,17.70096531825968
745.3314026145357,357.0401359072779,13.771143224774114
15.369286450160114,368.6878164361531,14.63243166336336
54.04886498879369,822.1650248576891,19.35811922689843
251.9195428130463,488.7860028508375,15.918678020549912
410.16112802223836,825.9950179266076,19.144321570553366
135.8088969088128,341.5686647997829,14.451754572593842
346.3664325844781,782.4967077698954,18.140533121100095
298.7755077613038,58.77948248218124,-6.071558810785417
588.9278919143544,665.304676665675,17.727167850299235
129.81940073265963,284.55224228452414,14.011454069693425
34.95635652203055,335.0505105367124,14.126981787172419
222.84077342073581,469.1774350265697,14.916756253243065
17.196467230969127,704.4042761700871,17.83843417055622
215.38186260072223,334.84127591435396,13.931694445537193
569.6423838245344,54.937614139164424,-6.223127867884858
188.3320712908878,525.7001505248551,15.999067285742779
217.92490963768296,528.4098627275911,16.287856448496047
571.5143784972564,168.22478614284208,4.607363768317267
224.85357595491206,119.39137589116777,-0.05966884408370632
242.44925444097365,736.645049584462,17.721921626218062
479.6038789134567,713.498350802212,18.03803213887068
23.432187614693678,762.9215359282001,18.715103249464434
353.3049236655582,604.8775853049929,16.77944664221431
743.8712735330496,962.604590431797,20.716230392215564
176.84916528310944,899.4966087768319,19.751390013006485
373.0535216103506,907.0603978836399,19.63829941788716
925.007742941399,364.2723270170887,14.620702901373402
26.362625070660563,482.3536581764418,15.982911412562164
120.7629582082399,506.73794951435116,15.548575372532657
91.43693073940074,324.1289470468407,13.715789832009627
332.94782680451897,676.7259842571459,16.993690225130536
397.05973861434893,11.878766254278084,-11.089610624739391
929.7886384551731,103.6655797530237,-1.7935641035444565
277.61835711736137,530.7977316347601,16.098569081575242
648.4860236770022,691.7281886578006,17.775717125217568
944.6271170736992,415.8363587439988,15.303716073033947
162.60371009241314,965.7676995199033,19.953562259167626
140.20958532443373,467.6411336012628,15.734338416287724
273.31715106998547,872.4370046983561,19.38563219165868
34.084274427192526,787.8559894926238,18.36920804862151
166.86926572731466,372.1255919690326,14.710647742507309
266.7231324155823,82.6298641183485,-4.178360931902425
887.6941749037927,399.8395578069246,14.376422291530972
812.1786142261159,217.07015019587362,10.090174535159626
894.6048236362369,912.4274592847839,20.195455471775823
395.9333559442797,477.227432587724,15.145726885777222
62.929827704178656,248.99256017573524,13.391545808831182
155.0490784227042,738.2385572327054,18.570014641471484
427.09693582214834,377.50434763522026,14.567027192082161
252.61127093480596,669.5389615432468,17.418590520712815
93.17664757431542,772.9306411560461,18.423288821464002
610.7590628532477,212.78301213434437,9.499989001968679
431.5782972677412,472.70715714942,15.034680948612223
589.4680387711461,189.53979897800178,7.1187309714245295
693.6587678123414,977.8935673255445,20.576560461014232
983.721635395776,413.84782930006924,15.235306008215389
213.66216174272822,928.2299863864354,20.246023643077436
840.5758560373713,356.82313264297403,13.929573646479668
129.86009707772183,795.4639412817577,19.081603733293814
825.3178759300787,511.3693692331438,16.005024510500185
795.1972872040302,788.0646379376453,18.675193014599998
575.354159731462,739.9426392045448,18.11875849012381
870.5178186409177,851.9088255615858,19.472083386807487
791.9645035853067,859.3872070724153,18.85753308671294
54.277872602593646,418.09332397294816,14.583158434326425
179.92088440282828,519.6071388651225,16.07234181153026
527.02465008219,703.1061346654892,17.24185646985192
745.5406913856787,443.9692702256974,15.198679793787605
800.6430967981,319.61286469823216,13.944250254097039
626.3324162795407,74.82552423192656,-4.833508789691819
207.02943166528408,165.3856229823566,4.110830171372903
419.7329083163917,940.3919575683194,20.38622169832737
542.6854957731942,739.3683357242857,18.193900574924953
413.5962927016302,786.4329137705495,18.298997168589878
245.15864380722584,114.41245573239178,-0.19485131769950037
454.4494701590992,621.2559574366909,17.016180127676723
483.9474877512314,365.10036702905325,14.089276073895139
499.99371347167045,188.7276037799659,6.494445581036235
116.92375989290404,832.8554300216335,18.64791472237916
437.4097501450402,472.02494370345704,15.219550355103
764.3700898791728,116.02095384162558,-0.3617511051871585
648.3820669649373,554.8697349614058,16.15200952378224
633.5757557225596,152.71707716510997,3.5761280670702185
279.9165487958647,652.2072501451639,17.716470036546276
871.0216273793334,139.7877239135893,2.3631941952097346
315.7687164294002,539.0484092130182,16.108689116210627
119.64777627706758,930.7826158961977,20.274253263757842
37.668487538766286,193.6760035594296,7.351294686530409
99.6802536068645,13.147448796698935,-10.761722428833627
378.00589499681524,105.56613296096195,-1.1990580822785475
112.72960159110646,95.81029493782012,-2.5893891033421035
416.0775608032683,464.2158573528713,15.332945927815913
146.60311939129178,96.0973951811166,-2.1034058794642974
12.51043450334366,232.77456921410422,10.938551037993612
15.26561169468643,922.0804836234998,20.046246136138024
370.0062337299421,737.4065788522239,18.222357955584663
100.6317907440164,359.70242945973587,14.053743328457777
557.6191818059311,710.0640058687766,17.52161846358058
315.3376125663681,448.03132026507933,15.442979187396915
495.04770864156,797.5900873889036,18.385251873873827
946.2787489454192,453.54877861595565,15.60473342010517
500.3897292488031,240.2290589954421,11.566814511023484
73.86968162348528,660.9014866272577,17.592944667989247
493.90750900424473,47.42558384308071,-6.7611284120786195
939.2222244148422,689.3727274455243,17.391101340876737
356.3984262914212,693.9754384101146,17.38182579224531
696.9387114851719,429.345331700704,15.213960364782807
113.4984443571615,112.92133768005041,-0.7505663368439972
351.6354753203762,320.9656053727541,14.080898062208007
762.3946438592947,324.8514473977515,13.839915992892255
386.49289531624044,67.30261568434625,-4.9488710478829
548.015296741714,258.36377508391786,13.584162172944744
219.70374091502387,199.59715787228137,7.902556631243979
908.6931551187636,872.0191779508052,19.575246834857282
100.8581158297509,237.38813792197922,11.419113980582814
170.41867651516762,208.4352456238978,9.21578006169818
709.4169775397256,182.5014290824606,6.218757476666973
926.6340782004136,547.3789815190531,15.84272560314696
286.825630108536,945.4746118322596,19.82383470869086
723.92432041945,700.2290333113049,17.257069218232527
44.78725810160456,397.4954816941567,14.219791120132179
531.4158443595878,574.1955971071993,15.971202402958273
129.96928770597128,650.691254517923,16.89726239887993
518.3880208167676,766.4952982736098,18.298420213014094
822.50495140139,792.6951334369255,18.55814450923849
797.2434287059583,112.93408369190539,-1.1767701298738569
671.253095048434,611.442134456128,17.048425846212723
370.6158228452907,978.9598912955289,20.44199084549473
654.8432531527404,105.71058937851518,-1.2525465689506348
148.75618464050234,176.17544844477018,5.626474454721983
742.9544778936897,490.80057115444066,15.792812263823961
676.9004929633928,209.5010457218003,8.93150792743456
566.8885314064242,668.4663253932188,17.477367969158983
555.2421662276009,186.2864096563558,6.43064802203347
795.6607201949748,408.3038249130286,14.435244868064235
383.5525927535688,917.7226886871518,19.888111731930962
403.6278390236323,595.8655599257196,16.759930464693433
1.7947368427325694,483.38035895377993,15.117743313586868
255.38203776293344,833.3631460010142,18.796968539272072
56.84548924752575,795.9764455456815,18.4085931570311
247.76531865642716,746.5772531223037,17.747845052719025
331.6820895682252,804.05247110856,18.906599693499963
767.1096936736943,165.3143629783199,4.071475438922256
124.90586135042281,600.5640151416666,16.586188665825823
597.6648562748882,217.29986246391832,9.493706845732575
456.16806612226634,14.331846868567366,-10.304926972084223
762.2651155025874,271.2635119375291,13.361929929917714
510.68424103668406,389.78826524809716,14.420437900789882
204.64481734286778,608.1154834853025,16.985451318395206
275.30356021411274,404.218994964789,14.840888097741221
550.104381899391,140.46664594440216,2.202192940857012
274.2262594430766,660.8364704272608,16.853733859621627
627.4017058076319,65.7730367603947,-5.640290383127431
950.3832427824246,476.1190623721784,15.722784279399466
623.1469459933327,320.6835540454669,13.557230968185767
783.0186285359495,248.75790296284927,12.38494852692277
681.8614407021909,443.4691020076893,15.033636847908081
585.4054555822112,458.61186005371525,15.781205952890883
2.587130291751394,392.3697295474386,14.374573014085627
96.13748300589498,114.35584476064209,-0.32105044107536784
759.6909787912626,230.1235994296421,11.500561299321461
648.8874304744462,920.90642155798,19.4856483664042
822.8895679119966,371.20353065163823,13.958031043943581
958.5182398681137,222.37382778913963,10.428308280797971
273.2265306166257,293.26044256961626,13.139024154858646
270.548210954188,517.5270272289937,16.07087342645245
957.8052166564023,18.14283578366105,-10.151557198918654
971.6849963045863,95.35352320775947,-2.4041907315908393
644.0502171205095,548.1978657273162,15.791855032967163
967.8868655857152,958.0215299667634,20.530672152336244
291.69856409251173,578.4660612728178,16.14124913696265
500.06981408752614,246.23813232761282,12.590903884568288
780.11250707285,145.66035094148788,2.7126657592631975
706.616481673982,472.2016591368374,15.255050298017665
342.6810517961966,279.29689652922184,13.654535414982487
311.5099031756359,571.7721465019636,16.183489443981582
208.1437205844414,733.7819346242198,18.511282118020855
166.7261773523503,837.9495594649082,19.00300413390865
610.4073134793413,698.9976551517079,18.048114953121953
654.4016784197042,621.8757602353659,17.165702843570447
289.8089707622139,692.5036045224148,17.657894352558234
19.333973263371828,604.1904613397016,16.97724088599543
560.4211323887437,69.73528124389728,-5.111614858657067
345.5897245837738,70.90345100710094,-5.28600659175364
729.4886706259683,795.2132595653401,19.05457594871108
346.16020045625305,938.8973539503409,19.94423957787542
603.8337945484093,45.27358004817905,-7.156271067823088
940.6411903586438,643.7357500029236,17.424951016780277
743.33474417202,106.56744942631346,-1.5453886436116235
58.860737064287186,630.4165410777473,17.41829554312585
509.6457463438644,780.8430045352366,18.34245560000988
117.25346020872362,116.52060291168753,-0.6405728664197738
800.8091353324724,658.0515847153445,17.02595853450698
145.01706522404322,603.6970505269862,16.774797315400566
843.9351287296791,201.94001928175533,8.141769976800006
689.1811093278195,538.6730349125388,16.565047773205208
577.7425906238554,930.3141777284358,19.692074817499876
565.0240254201533,551.988531319265,15.756836042150486
700.4773200767467,522.9204754240995,16.325802461643278
184.95649431501272,860.4313521317662,19.736862657132843
684.7310873174729,831.9303178465934,19.422647958310186
606.793132873859,365.0610344069721,14.098151060412107
434.92058109469224,913.944978344998,19.775549917693652
817.7314892065205,427.2646759384057,14.601367211280625
241.5951253048698,355.8983757924685,14.069411777764287
839.4209512813756,661.6292423000324,17.344740431014355
330.16422827234925,998.7858523933684,20.25895314416202
980.4619444392455,528.3961871839381,16.363609930584616
765.0575243720782,809.1111236318933,18.325156719042248
368.12074102621506,386.1965465988831,14.856901977928132
257.2385746424267,136.7349765816026,1.7678623834767038
720.6093346913694,665.5752908980146,16.99155698372052
669.7912117315195,322.6421532808728,13.870282157942782
336.1898538141137,100.93255221333364,-2.361477508824038
138.25189653263158,253.45214372313006,12.876962639041253
477.7814810488544,951.1929340312977,19.908392434899483
615.4228312154848,796.936504118705,18.984077589244038
590.9469062147475,84.37941120989845,-3.7130524922040546
230.00662856110043,244.80439220151885,12.328117150432668
81.51907354523713,839.2874650570324,18.7198255715188
169.31905898838895,786.3974755363699,18.69928642155402
679.3511535132998,582.6247790976505,16.550153134137606
789.4741845833939,959.7771320340486,19.843439549674095
546.266236416948,823.0386974125361,18.85988015075531
41.78600296485868,85.58466100955009,-3.6742987950982453
289.9786200344945,202.01214078456286,7.998402365073403
227.77907464850077,687.9548819900463,17.28125336521639
674.9007089488648,699.8596308965958,17.855541981653193
18.55880152259426,252.76127260802227,13.575121254005232
190.91953688414597,228.74552909100066,10.772803121356674
11.54491909510269,533.2181143197384,16.214359969290335
92.0054960606097,656.052431750448,17.507128976657036
94.43097926308009,615.9466911155273,17.034068884629754
846.6883780872138,59.90715721817785,-6.396931160016666
528.2111852886788,791.2674210525169,18.844495933315102
509.4375358445129,716.5613584890251,17.421388194244898
820.6488335110427,494.9767237899283,16.010470427967654
792.5215326937277,775.3218272077349,18.051090985782253
904.8612937703017,983.1351350060509,20.83016322129511
411.9210106062437,420.2119294719832,14.631033124406098
29.440150605281712,46.98731890408814,-7.3325584839063795
680.1043028056216,427.4348969292104,15.36093151402104
261.1628223616126,380.62222738921224,14.58039075858074
843.2352112136691,967.6884513227109,20.114108614698196
824.2455874880454,685.8426811786221,18.022854199134397
497.8280303792507,2.0076520855889513,-12.088501290143554
127.39982400448669,913.0056259553442,19.807289027459753
588.7005999442299,643.9167331336477,16.883895522595612
753.0031809963308,249.372700216545,13.042106860042335
970.1632891835808,862.7798222006602,19.14835509005959
140.6192430087839,804.271108308299,19.031705227728814
305.9508674099085,370.57318955610117,14.739118176382139
539.8934244133485,761.9069990172383,18.227476766943088
403.96053688042787,968.522690338545,20.432861027568087
78.66372487424422,873.9838718723018,19.31558011296141
387.4540140730538,743.8755911658723,18.18438953272448
224.10083506292,875.3246222572249,19.780757618455723
236.68163376769246,800.2601052408114,18.459688696773952
62.52072924338536,979.5220671324894,20.88080672811534
363.67800947282103,255.9259317496615,13.826405466831762
683.0958819378017,484.1718433462985,15.73136236061939
881.225789590945,509.1068197532844,15.537648276668723
347.20437076502543,399.6088410348604,14.20194301088814
109.13821250862476,872.8087332037901,19.11331558333194
573.1059424024546,803.3119918195947,18.26040323203827
761.8463039366771,273.55871891036253,12.955789575901367
997.6632968265744,115.99428327767237,0.014917175695307705
42.80079528291236,566.0981013309192,16.221272665538336
609.884926426217,469.00328262358903,15.620083523327441
26.323288883264407,19.69947396259364,-9.66995901441897
529.6602261070605,334.9888906268397,13.743939368138506
112.19254684703095,836.2307051491127,18.72077000598869
418.21488960108667,193.93628208469005,7.61350937728437
376.66713041361675,749.435812092704,17.82360310298686
816.2553325739871,451.92321677859695,14.916649910979
519.4697966807196,957.0623403905737,20.12727032153581
726.1026780035588,634.835986390737,17.17691505745597
52.08892649431096,655.786715880464,17.37637043748053
272.5604735117915,451.36906850262835,14.774746075770452
972.6196070547861,618.3576688784432,16.42626142772542
339.05775047505847,144.74235788650282,2.230261195457354
776.804306244964,794.8733722781328,18.80949631566365
247.09252771084078,304.864722903631,13.2549363061007
183.741795709221,913.3803730116126,19.688165475838094
369.28075642613965,762.2723834621485,18.362273285424223
597.753963548819,303.3659121854315,13.55139820818589
174.1892307870494,781.9736846208892,18.17821241808729
947.0680292039854,394.5648275459045,14.519834888356456
278.292249153522,774.1913753842792,18.120347231961322
231.52989320435324,409.42352974038465,14.376272974347682
187.5487498105055,27.643429373310546,-9.346319411191677
803.3240670485802,154.2074548678173,3.568665602560296
285.77750829190995,164.57617602646778,4.5620696993095
361.6253033851117,849.5034281807689,19.289409543598698
899.9822157024855,23.70204900277384,-9.481058936291765
218.28485453555578,557.0120239453959,16.4651203703083
592.3658214367102,87.97257488064835,-3.3262831550523515
566.6701047817254,447.1024071810722,15.143226106767393
248.44154264035612,688.0741053465593,17.540713179591506
895.2993166548339,229.64058199305236,10.61135766462262
648.0062760611356,289.33393761485115,13.260003433643039
696.4256552164311,901.3004421251788,19.843357994194882
15.678739623481096,715.6310494982815,17.89178233074223
439.3513435061949,400.9846370164156,15.071856645465182
959.0549636804822,860.7370966275369,19.128006491162886
883.4843388234793,112.06593407496823,-0.9756527853748089
239.73553863451346,493.37987138740556,15.279770710473215
829.5313518325361,252.8517455412822,13.275897631011766
874.7153073423399,851.9304824590878,18.857760267461188
614.1867994317472,710.0286931478034,17.34875287927564
964.3513353012584,337.45997322791845,14.022063186086214
101.01220306079072,875.0762271196612,19.114560484470914
339.23009319742414,152.00043868467995,2.8063622075308903
60.15059817739166,214.14556066372913,9.089283953755299
359.92968511983247,905.9671214597624,20.118082013641583
283.2360750274215,450.9537944798089,14.784157274006645
699.9252991957657,345.56511835451107,13.856592073397337
119.72745926953743,644.2089066214779,17.57523861244198
